wav_filename,wav_filesize,transcript
sample-chap24-93.wav,178208,kisee kee hamadardee usaka ghaav nahee bhar sakatee
sample-chap6-91.wav,286696,abhee krshna kuchh kahatee ki dev bol utha koee reetirivaaj nahin hain
sample-chap25-9.wav,95300,dev yaad sabhee ko aata tha
sample-chap22-178.wav,183500,amit main samajhatee hoon tumhaaree pareshaanee ko
sample-chap19-91.wav,24285,iseelie test ke teenamaheene baad bhee dev ko usee garmajoshee se mila
sample-chap30-174.wav,234656,lekin is beech yahee phaisala kar liya ki naukaree nahin karunga kabhee
sample-chap11-48.wav,471032,in kitaabon ke sahaare hee vah jaan paaya aur sada koshish bhee karata tha ki veena ko vah apane sparsh se kuchh raahat de sake
sample-chap20-3.wav,24703,usake door ke rishte kee mausee ka ek ladaka andheree mein kaheen rahata hai
sample-chap15-61.wav,35570,aise mein mujhe neend kaise aatee  maan ne apanee pareshaanee veena se kahee  ab dard kaisa hai
sample-chap6-115.wav,176444,bahan jee ne poochha mainne kaha
sample-chap28-31.wav,215252,ladake ka daanya haath ekseedent mein tedha ho gaya tha
sample-chap28-86.wav,292868,amit ko samajh aa gaya tha ki duniyaan mein sach par parda daalane vaalon kee kamee nahin hai
sample-chap8-26.wav,180856,use amit ka svabhaav bahut achchha laga tha
sample-chap13-106.wav,10493,chalo yah to achchhee baat hai
sample-chap7-10.wav,407528,aisee kaee auraten bhee hotee hain jo har achchheeburee baat ko sirph bigaadane kee drshti se dekhatee hain
sample-chap2-133.wav,183500,jeevan mein usake naee bahaaren aa gaeen
sample-chap12-18.wav,404880,baatabaat mein ghumaaphira kar veena ko apanee bhaavanaon kee dhaara mein baha kar le jaata
sample-chap7-153.wav,322856,ghabara gaya aur hathiyaar daalate hue bola  are nahin baaba aisa nahin karana
sample-chap19-108.wav,12373,veena ne man kee baat kahee dev se
sample-chap23-33.wav,306980,taareekh subah dev ne raharah kar ek jidd shuru kar dee
sample-chap29-323.wav,149984,veena ekaek kuchh na bol paee
sample-chap9-163.wav,118232,byaahata hai vah usakee
sample-chap7-46.wav,47672,hailo
sample-chap11-141.wav,529244,lekin yah silasila jab har patr mein chalane laga to usake man ne bhee amit kee kalpana se sukhad anubhooti ka anubhav karana shuroo kar diya
sample-chap27-304.wav,181736,vah kisake sahaare jee rahee hai abhee to sab hai
sample-chap30-237.wav,96180,sapanon mein rahata hai
sample-chap20-161.wav,11746,oopar vaala sabakee madad karata hai
sample-chap15-24.wav,16553,vah aundhe munh palang par leta hua tha
sample-chap3-17.wav,238184,achchha hai lekin mujhe to vah dubalaapatala lagata hai tumhaara ummeedavaar
sample-chap8-150.wav,462212,dev tab tak vichaaramagn hokar soch raha tha ki kya kuchh veena ko batae aur kya kuchh nahin batae
sample-chap29-218.wav,181736,are apane hai tabhee to bin bulae aa rahe hain
sample-chap27-253.wav,432224,deharaadoon gae to maan nirmala ne baaton hee baaton mein kah diya amit se beta veena ke lie kuchh socho
sample-chap27-233.wav,220544,deharaadoon se dillee kee dooree jaise khatm ho gaee thee amit ke lie
sample-chap18-163.wav,17389,geeta ko priya ke lie amit man se bha gaya tha
sample-chap22-59.wav,201140,sab baat sunakar dev ka chehara chamakane laga tha
sample-chap10-153.wav,271700,dev ke sansarg ke sukh se oopar use kuchh nahin lag raha tha
sample-chap9-60.wav,203788,dev ka milana usake bhaagy mein tha
sample-chap15-125.wav,20106,use usake bheetar ek gaharee chuppee chhaee dikh rahee thee
sample-chap30-120.wav,167624,man mein magar aap hee kee sochate rahate hai
sample-chap8-165.wav,683592,jisakee sahaayata se main subah savere pamp karake saaree saphaee kar leta hoon tatpashchaat chaibees ghante tak mujhe koee pareshaanee nahin hotee ise krtrim maladvaar ya kahate hain
sample-chap5-19.wav,171152,vah bhee laikcharaar tha yoonivarsitee mein
sample-chap18-104.wav,77784,vaayada to main karungee nahin kyonki main koee baat kisee se chhipaatee nahin priya to muskura rahee thee aapane mere janmadin par badhaee sandesh bheja tha maine to sab ko padhaaya aur haan jaise use yaad aaya usaka shukriya
sample-chap16-170.wav,26166,yah laaparavaahee hai ya paise kee ya naam kamaane kee lalak ab kya sochana
sample-chap19-104.wav,24494,vah mana nahin karata lekin hamen to sochana chaahie
sample-chap17-3.wav,36197,ho sakata hai jo hai jahaan hai vaheen ruka rahe aur kaee varshon tak kuchh na ho
sample-chap7-34.wav,135872,dev ke man ko tatol raha tha
sample-chap13-90.wav,39750,tab doktar gupta ne veena ka abhivaadan kiya  aap kaisee hain veena jee dev ke saath kaisa lag raha hai aapako
sample-chap9-10.wav,243476,hotee ja rahee thee usaka rishta svayan chalakar aa raha tha
sample-chap30-246.wav,114704,aur bas usake aage kuchh nahee
sample-chap21-155.wav,453392,veena ne nirnay sunaaya  tumhen main jhatapat taiyaar karatee hoon ab jo bhee hoga dekh lena chamatkaar hee hoga
sample-chap4-217.wav,171152,dev svayan veena se kuchh kahana chaahata tha
sample-chap4-12.wav,354608,aakhir har maan kee chaahat hotee hai ki vah apanee putree ke lie achchhe se achchha var talaash kare
sample-chap15-253.wav,20315,aise mein abhee tak sab theek hai phir kaahe ka rona
sample-chap21-97.wav,232892,davaee taiyaar hone mein abhee der thee
sample-chap14-206.wav,40377,amit ko apanee munh maangee muraad pooree hotee dikh rahee thee
sample-chap10-54.wav,51200,veena ne bataaya
sample-chap10-105.wav,409292,bas keval ek hee aap aaj ke baad kisee se bhee is vishay mein koee baat nahin karoge
sample-chap8-116.wav,148220,vah maanasik roop se ashaant ho jaegee
sample-chap4-93.wav,150864,teechar hai kendriy vidyaalay mein
sample-chap4-161.wav,208196,aur yah kah kar ramesh kumaar ne patr vaheen samaapt kar diya
sample-chap11-76.wav,72368,bahut achchhee hai
sample-chap15-240.wav,20733,aansuon kee aviral dhaara bah nikalee pannaalaal kee aankhon se
sample-chap2-53.wav,251412,lekin meree koshish rahegee ki tumhen main khush rakh sakoon
sample-chap22-92.wav,162332,yah tumhaaree patnee veena hai
sample-chap26-6.wav,164096,suneeta se milane ko vah bhee bahut utaavalee thee
sample-chap8-9.wav,68840,chhotaasa ghar
sample-chap30-306.wav,478972,veena ka ekaek phoot padana dekhakar hee amit ne mahasoos kiya ki dhairyasheel veena ke marm ko bahut gahare tak chhoo gaee thee arun kee ye baat
sample-chap10-134.wav,467504,aur udhar veena andhere kamare mein seedhee letee chhat mein kuchh aakrtiyaan banateebigadatee dekhane kee koshish kar rahee thee
sample-chap26-183.wav,269936,kuchh ho jae achchha veena ka isase badhakar aur kya khushee hogee mere lie
sample-chap17-144.wav,58767,devata svarup jis pati ka tumane varan kiya use aaj grahan laga hai aisa soch kar na to kuchh karane ka man karata hai na hee kuchh kiya bhee jaata hai
sample-chap15-220.wav,32226,vah bhaavanaon mein bah kar bolee  tumhen meree kasam maan is baat ko bisara do
sample-chap26-305.wav,231128,koee bhee apane beete din nahee bhool sakata aur na hee bhool paata hai
sample-chap30-34.wav,321092,deedee hamen to ek hee chinta sataatee rahee itane varsh ki aap theek se hain bhee ya nahin
sample-chap13-97.wav,15926,dard kee golee khaee aur phir veena ne maalish kee
sample-chap6-148.wav,314036,lekin vah aisa kuchh nahin kahana chaahatee thee ki jisase dev naaraaj ho jae
sample-chap13-216.wav,41004,veena ko ab apane maataapita se milane kee prateeksha thee
sample-chap11-165.wav,501904,lekin shabd the ki veena ke lie uttar khojane kee apeksha priya ke naam kee maala jape ja rahe the
sample-chap30-208.wav,314036,kyonki mujhe roj paise mil jaate hain aur naukaree ka aur koee bhee phaayada nahee milata
sample-chap22-69.wav,141164,vah yoonivarsitee mein prophesar hain
sample-chap20-94.wav,23031,lekin jaise kuchh adhik kah sakane kee himmat nahin thee usamen
sample-chap17-77.wav,29510,amit kee apanee duniya chhoteesee hokar rah gaee thee
sample-chap8-28.wav,286692,itana to jaanatee thee ki ghar mein sabase chhota hai aur milanasaar hai
sample-chap20-5.wav,22613,haan use yaad aaya usakee saas ka paitrol pamp hai
sample-chap5-115.wav,62668,pita nahin rahe
sample-chap23-1.wav,192320,priya ko isee samay vah yaad kar paata tha
sample-chap27-208.wav,127052,tumane usake saath jeevan jo bitaana hai
sample-chap9-140.wav,305216,vah bhee svayan ko bebasapa raha tha isase adhik kuchh nahin kah paaya
sample-chap16-210.wav,22195,aaj to ham kuchh bhee sochane kee sthiti mein nahin
sample-chap3-31.wav,187908,neele kot vaala hee hoga dev doktar dev kumaar
sample-chap26-343.wav,176444,main ab kabhee apanee baat nahin kahoongee
sample-chap7-76.wav,98828,deharaadoon mein apana ghar hai
sample-chap18-139.wav,38496,tab bola vah use dheere se upahaar kuchh nahin bas mai apanee bhaavanaen samet kar laaya hoon
sample-chap19-41.wav,18643,lekin tabhee veena aur dev ka dhyaan ho aata hai
sample-chap14-141.wav,28674,kaisee baat karate hain aap chalie aaraam keejie   aur veena baahar nikal gaee
sample-chap17-103.wav,33689,lekin ab vah apane ghar vaalon se ya amit se is baat ka jikr nahin karatee thee
sample-chap16-114.wav,18643,pareshaanee aaee hai to usaka saamana aapako karana hai
sample-chap13-62.wav,8194,veena se bhee adhik
sample-chap15-115.wav,9866,vah roop hai maan ka
sample-chap30-307.wav,262880,jo pandrah varsh se sah rahee hai kitana kuchh samajh aa raha tha kuchh nahin
sample-chap7-118.wav,187028,vadhoo paksh vaale sabhee unhen dekh rahe the
sample-chap13-105.wav,15717,ek varsh ho chala hai jab main aapako mila tha
sample-chap15-29.wav,27420,veena bheetar aaee to ishaare se usane maan ko baahar jaane ko kah diya
sample-chap5-14.wav,444572,shaayad yahee kaaran tha usakee dariyaadilee ka aur iseelie vah din doonee raat chaigunee tarakkee kar raha tha
sample-chap14-66.wav,30555,jise shaadee ke baad pata laga ki usake saath dhokha hua hai lekin khush hai
sample-chap18-133.wav,13418,ek kaun vah phir anjaan bana
sample-chap7-131.wav,370484,ghar kaaphee khula tha aur lagabhag sau vyakti aasaanee se ek saath khade ho sakate the
sample-chap10-213.wav,277872,tatpashchaat usake lie vah ek bada pateela bhar kar paanee garam karatee thee
sample-chap18-265.wav,10075,mera dil patthar ka nahin
sample-chap27-162.wav,81188,aur maan rone lagee
sample-chap8-80.wav,202904,use vigyaapan mein likhe shabd yaad ho aae the
sample-chap11-200.wav,252296,veena ne daayaree dekhee jaroor par uthaakar dekhane kee koshish nahin kee
sample-chap8-118.wav,261116,usane svayan ko aisee paristhiti sah sakane mein asamarth paaya
sample-chap16-153.wav,6313,theek ho gaya
sample-chap6-152.wav,196732,vah nirmala par apana achchha prabhaav daalana chaah raha tha
sample-chap29-275.wav,109412,kuchh yaad rahee kuchh bhooleesee mahasoos huee
sample-chap19-92.wav,28465,achchhee tarah muaayana karake usane usaka kes kainsar vibhaag mein sthaanaantarit kar diya
sample-chap9-88.wav,162332,jo hona hai use hee hone doon
sample-chap16-150.wav,34525,mainne bhee aapase opareshan ke vishay mein hamesha poochha lekin kabhee bhee rediyotharaipee kee baat nahin kee
sample-chap17-68.wav,12582,ham badesebade aspataal mein jaenge
sample-chap11-107.wav,393416,priya ke prati usakee utsukata dekhakar vah samajh rahee thee amit ke man mein bas rahee priya kee bhaavanaon ko
sample-chap17-47.wav,30346,yah sanskaar palapratipal vikasit hote hai hamaare aasapaas ke vaataavaran se
sample-chap25-95.wav,421640,amit ko laga prophesar tripaathee sahaanubhooti prakat kar aisee baate kar apane ko unaka sabase bada himaayatee saabit karana chaahate hai
sample-chap26-208.wav,291104,maal se skool kee dooree sirph aadha kilomeetar thee par ekadam seedhee chadhaee
sample-chap10-33.wav,278756,haan lekin sabake lie har kaam karane ko taiyaar rahata hai
sample-chap6-49.wav,197612,pal bhar mein ghar ke sabhee log vahaan aa chuke the
sample-chap4-101.wav,102356,are bhaee padhelikhe hain
sample-chap3-20.wav,80308,haan ho jaatee hoon
sample-chap11-96.wav,242592,priya ke likhe ekado patr usane bahaane se padhe bhee the
sample-chap14-49.wav,18016,aaj mere dil ka bojh halka ho gaya hai
sample-chap3-42.wav,157924,aksar aadhunik paridhaan mein rahane vaalee
sample-chap29-195.wav,269936,kab aa rahe ho kaun see phlait se ham toronto se chhah sau meel door hain
sample-chap23-133.wav,762092,amit ko isaka aabhaas bahut jaldee lag gaya jab nimmee bhaabhee ne usase kaha tha main aantee se ab baat karungee dev kee kriya ke baad ki amitapriya kee shaadee saadagee se doteen maheene baad hee kar denee chaahie
sample-chap7-60.wav,45908,suno ramesh
sample-chap4-144.wav,378420,saath mein maalatee bhee baithee thee jo abhee tak chupachaap svetar bunatee huee bhaeeyon ka vaartaalaap sun rahee thee
sample-chap15-124.wav,33480,ekaant mein veena ko nihaaratee huee maan padh rahee thee veena ke hrday mein basee tarangon ko
sample-chap27-312.wav,224072,sab kuchh to usane apana nyauchhaavar kar diya tha hamaare parivaar par
sample-chap27-167.wav,153512,maan ke mukh se nikal hee gaya aakhirakaar
sample-chap13-91.wav,10284,bahut achchha lagata hai sab
sample-chap14-163.wav,21986,ve kya jaane veena kee baat mein chhipe marm ko
sample-chap30-81.wav,342260,jab daidee naukaree kee vajah se maheene mein keval ekado din ke lie hee ghar aa paate the
sample-chap21-56.wav,201140,tab reeta ne kaha  pata bilkul aasaan hai
sample-chap23-39.wav,86480,dev ne phir doharaee apanee baat
sample-chap9-162.wav,171152,dev ko laga ab raasta use dhoondhana hai
sample-chap15-121.wav,49990,parivaar tabhee poornata paata hai jab maan apane parivaar ke utthaan ke lie chaaron bhaavon se yukt ho usakee mangalakaamana karatee hai
sample-chap30-209.wav,86480,saat saal ho gae hai
sample-chap15-221.wav,13000,bhool jao ki mainne aapako kuchh kaha hai
sample-chap15-252.wav,25121,aise mein jab sabakuchh ho gaya vah achchhe ke lie hee soch kar hua
sample-chap20-209.wav,26584,bolee veena se  main tumhen dekhatee hoon veena to bada ajeeb lagata hai
sample-chap30-313.wav,192320,aur usakee ruaasee aavaaj sunakar veena bhee ekaek pighal gaee
sample-chap5-0.wav,218780,amit kee umr pachchees ke aasapaas thee
sample-chap7-41.wav,180852,mohan ne vaheen baithe phon utha liya
sample-chap4-195.wav,469268,maataapita ne shuroo se hee bachchon ko aisee seekh dee thee ki kabhee kisee ko jhidakane kee samajhaane kee avashyakata nahin padee thee
sample-chap8-19.wav,111176,usakee kalpana rang mein aa gaee thee
sample-chap18-111.wav,27838,abhee thodee hee der beetee thee ki sulochana aa gaee amit ke paas
sample-chap23-150.wav,247004,bahut jatil ulajhan mein ulajha hua man tumase kuchh kahana chaahata hai
sample-chap17-113.wav,40377,veena se veena ke parivaar vaalon se yadi koee baat chhipaee gaee ya nahin isaka use koee gyaan nahin tha
sample-chap29-141.wav,107648,prem ne bhee premavivaah kar liya
sample-chap27-303.wav,176444,jara apanee bhaavanaon mein veena ko bhee jagah do
sample-chap10-90.wav,155276,veena kee aankhen nam ho aaee theen
sample-chap2-148.wav,263760,vah muskaraee bhee aur phir se ek najar arun par daalee
sample-chap29-261.wav,148220,aapakee pichhale pandrah saalo kee baaten hai
sample-chap10-97.wav,485144,jo ho chuka hai isako kuredana vah isalie nahin chaahata tha ki usakee part ke peechhe chhipa ghaav bahut zahareela tha
sample-chap26-347.wav,95300,vyarth mein sab ruk gaya hai
sample-chap14-77.wav,22195,veena kee baat sunakar amit natamastak ho gaya
sample-chap30-102.wav,134108,nahin hogee tab bhee banaungee
sample-chap16-88.wav,29510,saath baithee veena aur garg saahab bhee pareshaanee mahasoos kar rahe the
sample-chap11-114.wav,109412,dev ab bilkul theek hai
sample-chap30-290.wav,211724,usase behatar hoga ki aaj ham kaheen na jaen
sample-chap5-149.wav,197612,kisee par bhee samay ke badalate svaroop ka asar nahin pada
sample-chap9-84.wav,174680,saamane boodhe maanbaap khade dikhaee die
sample-chap27-295.wav,209960,maan ko samajhaane ke lie vah pahale se hee taiyaar tha
sample-chap6-73.wav,188792,eeshvar to jo karata hai achchha hee karata hai bahan jee
sample-chap29-137.wav,331676,haan nirmala kee ek hee ichchha thee ki veena ek baar aae mil jae sabhee ko
sample-chap24-68.wav,179972,vaastav mein main kamare mein aankhen band karake letee huee thee
sample-chap6-61.wav,123524,narm svar mein kaha pannaalaal ne
sample-chap15-14.wav,23240,dard kaisa dard kya hua unhen  maan thoda ghabara gaee
sample-chap6-158.wav,188792,ke anusaar kisee na kisee dukaan par use lekar ja raha tha
sample-chap2-41.wav,149100,dekhane vaala ekatak dekhata rah jaata
sample-chap14-82.wav,34107,dev ko devarabhaabhee ke beech hue vaartaalaap ka kuchh pata na chala
sample-chap16-35.wav,34525,maan krshna ko pata laga to vah bhee yahee bolee  dubaara jao beta doktar ke paas
sample-chap9-151.wav,179088,mujhe apanee bhaavanaon ke pravaah ko rokana hai
sample-chap12-31.wav,271700,yahaan to sab kolej mein eme beee ke vyask chhaatr the
sample-chap5-83.wav,363428,abhee aath din pahale to baat pakkee huee thee aur aaj taareekh bhee nikaal lee thee
sample-chap16-138.wav,9448,sunakar chaunka vah
sample-chap17-173.wav,11955,dev jee ko aashish aur pyaar
sample-chap18-98.wav,6313,kuchh samajh rahee thee
sample-chap28-9.wav,262880,usakee bhaavanaon ka sahaara ban sakoon yahee meree abhilaasha ban chukee hai
sample-chap5-59.wav,151748,usane amit kee manahsthiti bhee bhaanp lee thee
sample-chap5-112.wav,300808,shakl se jitanee sundar thee akl bhee utanee hee achchhee paee thee usane
sample-chap19-33.wav,12373,tab nirmala sambhal gaee
sample-chap8-56.wav,217900,veena kee drshti dev ke pet ke baen bhaag kee or padee
sample-chap5-166.wav,419876,shaadee saadagee se honee thee lekin nirmala apane pahachaan vaale sabhee logon ko aamantrit karana chaahatee thee
sample-chap27-329.wav,555704,dev ke prati apane pyaar ko amit ke shabd kam to nahee kar rahe the lekin veena ke prati use usake kartavy ka ehasaas to karava hee rahe the
sample-chap16-123.wav,29092,ab mujhe kya karana hoga  dev ne svayan ko sanyamit rakhate hue poochha
sample-chap15-91.wav,11537,ghar ke saath hee peepal ka ped tha
sample-chap2-7.wav,239948,saas saath hee thee par usakee upasthiti na ke baraabar thee
sample-chap16-155.wav,16971,opareshan ke baad mujhe kabhee koee pareshaanee nahin huee
sample-chap17-178.wav,25330,maan ka patr veena ko bhaavuk kar gaya
sample-chap16-136.wav,11328,kaise test  poochha usane
sample-chap27-144.wav,442808,amit jabajab aisa sochata tha bhaavanaon mein bahakar baal kee khaal naunchane lagata tha chup rah na paata tha
sample-chap27-87.wav,298160,kuchh thahar kar bola amit kuchh baaten main spasht hokar kahana chaahata hoon tumhen
sample-chap13-190.wav,12582,sab sunakar amit kee aankhen bhee chamak utheen
sample-chap10-186.wav,227600,jaise beetee raat ka toophaan phir se bekaaboo ho gaya hai
sample-chap20-122.wav,12373,usamen jaane se koee kathinaee nahin hogee
sample-chap20-25.wav,32853,vah teenavarsh pahale deharaadoon mein unake ghar aaee thee aur vahaan das din rahee thee
sample-chap2-107.wav,201140,aur arun to ab bhaarateey mool ka kanaada ka naagarik tha
sample-chap9-143.wav,111176,baat adhooree hee rah gaee
sample-chap9-86.wav,285812,ghar jaakar bhee rahoongee jaise yaheen isee ke saath rah loon
sample-chap26-100.wav,282284,udhar kamare ke daravaaje ke peechhe khadee nirmala kee aankhen bahane lageen aviral
sample-chap12-19.wav,133228,veena mera janm sudhar gaya
sample-chap19-133.wav,36406,haan nukasaan itana jaroor hoga ki tum jo abhee oopar se bhalechange dikhate ho vah nahin dikhoge
sample-chap6-220.wav,149984,vah bahut khush tha
sample-chap28-35.wav,188792,ladakee ke parivaar vaalon ne sab baaten unase chhipaee thee
sample-chap11-45.wav,225836,dher see kitaaben padhakar un par amal karane kee koshish bhee kee thee
sample-chap18-102.wav,25748,haan ek vaayada karana hoga achchha na lage to chupachaap phenk dena
sample-chap11-117.wav,87360,vah to bilkul theek hai
sample-chap17-4.wav,27420,yah badh bhee sakata hai ek din mein bhee aur ek saal mein bhee
sample-chap8-77.wav,141164,ya kuchh aisa likha tha
sample-chap16-29.wav,26584,haan bhaagy mein likhe ko sahaj hokar len to duhkh duhkh nahin lagata
sample-chap19-219.wav,27838,aap koee jaanakaar dhoondhiye jo hamaaree madad kar sake aur tay keejie kab chalana hai
sample-chap2-109.wav,172916,desh lautakar maan ke paas rahane kee samasya
sample-chap19-195.wav,11955,pramod ne kaha
sample-chap27-294.wav,172916,amit ko is baat ka aabhaas pahale se hee tha
sample-chap26-157.wav,107648,bahut gussa kiya tha usane
sample-chap25-171.wav,465740,lekin jis kaalej mein dev prophesar tha vahaan usakee patnee ko ve log klark bana kar rakh chhoden yah dev ke naam ka apamaan hoga
sample-chap25-38.wav,135872,bahutabadee galatee kar dee unhonne
sample-chap26-23.wav,93536,tum suno samajh kar javaab do
sample-chap26-251.wav,95300,aur ab kitaab padhatee hai
sample-chap20-0.wav,65872,saantaakruj eyaraport se baahar aate hee taiksee vaalon se maaloom pada kee bambee band hai shiv sena vaalon ne hadataal karava rakhee hai aur sadakon par traiphik nahin chalane diya ja raha
sample-chap21-156.wav,340496,sach kee roshanee itanee teevr ho chukee thee ki veena kee aankhen chaindhiyaasee gaee theen usamen
sample-chap18-40.wav,7776,shaam ko shaadee hai
sample-chap8-85.wav,224956,dev hairaan tha veena kee anabhigyata dekhakar
sample-chap25-123.wav,425168,naukaree paane kee laalasa jo dopahar tak thee usake man mein usase upar uth aaee maan ke paas baithakar aaraam karane kee chaah
sample-chap27-301.wav,248768,jo nahee raha usaka duhkh tumhen hai mujhe bhee hai aur ham sabhee ko hai
sample-chap17-145.wav,30764,bachche hai sabhee apaneeapanee padhaee mein vyast rahate hue bhee tumhaaree hee baat karate hain
sample-chap12-55.wav,171152,tumhaara pati bhee to naukaree hee karata hai
sample-chap19-103.wav,37451,vaise bhee usaka koee kaam to hota nahin siva apanee kaar mein hamen dhone ke ya phir aapakee davaee laane ke
sample-chap11-159.wav,406648,devaveena ke kaard ko usane draeengaroom mein saja diya aur amit ke kaard ko apanee ek pustak mein rakh liya
sample-chap25-96.wav,451628,bhaabhee ke paristhiti doosaree hai tripaathee saahab unhen aaj hausala dekar kaha jaana chaahie ki aap yah karen ham aapake saath hai
sample-chap18-117.wav,13836,bola main to majaak kar raha tha
sample-chap7-71.wav,44144,achchhee hai
sample-chap9-113.wav,274348,vah gyaanee bhee tha usake man par bhee vah mohit ho gaee thee
sample-chap25-222.wav,199376,use jo achchha lagata hai vahee hamen achchha lagana chaahie
sample-chap17-148.wav,32853,jab bhee tumhaaree baat hotee hai yahee kahate hai mainne aaj tak kisee ko duhkh nahee pahunchaaya
sample-chap25-7.wav,441044,vah har baat ko lekar beechabeech mein ek baat hee kahatee pramod se tumhen dekhatee hoon to dev yaad ho aata hai
sample-chap4-154.wav,105884,tab ka tab dekh loonga
sample-chap26-216.wav,134108,saans sambhalee to haath phir mil gae
sample-chap13-15.wav,11537,lekin aaj aisa nahin hua
sample-chap21-86.wav,174680,aage sab usee eeshvar par nirbhar karata hai
sample-chap10-35.wav,368720,aur jaise use kuchh yaad ho aaya ho vah priya va geeta se bolee  tum ekado din rukogee na
sample-chap8-117.wav,255824,na jaane kya kar baithe ho sakata hai vah use chhodakar chalee jae
sample-chap6-17.wav,206432,tab pannaalaal ne nirmala ko vahaan baith jaane ko kaha
sample-chap6-191.wav,125288,aur vah jor se naachane laga
sample-chap6-166.wav,239948,dev ke vivaah ke shubh mahoort kee khushee mana rahe the ve sab
sample-chap5-106.wav,141164,ghar bhar kee ikalautee ladakee
sample-chap24-37.wav,375776,ab koee ulajhan aae to prem bhaiya se salaah karana ek bhaee kee tarah nahee ek mitr kee tarah
sample-chap27-54.wav,61784,shukriya amit
sample-chap19-10.wav,9866,vah rone lagee
sample-chap8-100.wav,171152,na matalab pata tha na jaanane kee koshish kee
sample-chap7-160.wav,151748,aisa ab mumakin bhee to nahin
sample-chap3-52.wav,437516,lekin manachaahee khushee paakar vah chahak nahin pa rahee thee bas sharm se laal hue ja rahee thee
sample-chap24-106.wav,342260,tumhaare rishtedaar bhee yahee sochate honge ki hamane jaanaboojh kar unhen gart mein dhakel diya
sample-chap24-114.wav,299924,amit ab tum apane man ko shaant kar lo mammee vaastav mein tumhen bahut chaahatee hai
sample-chap27-132.wav,130580,bhaeebhaabheetum bhee baaboojee bhee
sample-chap4-1.wav,45908,akhabaar mein
sample-chap23-9.wav,209960,pichhale do dinon mein usamen kaaphee parivartan aaya hai
sample-chap26-282.wav,209960,aap jo kuchh bhee chaah rahee thee vaisa hee sabane saath diya
sample-chap17-219.wav,19688,aur yah kahakar dev kee rulaee chhoot gaee
sample-chap21-148.wav,121760,mujhe apane lie kuchh karane do
sample-chap9-49.wav,280520,veena kee naanee rooth gaee apanee betee se maama bhee usake rooth gae
sample-chap25-31.wav,299924,kaalej unhen yadi lekcharaar ke rup mein niyukt kar de to bahut achchha hoga unake lie
sample-chap30-97.wav,132344,bachche bhee saath jaen aapake
sample-chap11-22.wav,245240,shaadee se pahale usane skool se do maheene kee chhuttee le lee thee
sample-chap15-113.wav,21359,sabhee apanaapana yogadaan dete hain har ghar mein
sample-chap20-114.wav,14045,ajay ko jaise man maangee muraad mil gaee thee
sample-chap26-139.wav,836180,kaise kaategee vah har din koee to sahaara hona chaahie nirmala ko amit se apane man kee baat kahate hue bahut chain mil raha tha bolatee ja rahee thee abhee dekho usakee soorat dekhakar lagata hai jaise koee rog lag gaya ho use
sample-chap27-149.wav,211724,mera bhaagy dekho apanee shaadee kee baat svayan chalaanee pad rahee hai
sample-chap2-16.wav,354608,khaana samaapt kar prem va suneeta ne unase vida lee aur arun unhen neeche chhodane aaya
sample-chap15-152.wav,19270,ab mere jeevan ka dhyey hai dev kee mangalakaamana
sample-chap5-55.wav,217016,pramod kee upasthiti mein usane us ladakee se najaren chura leen
sample-chap18-158.wav,35570,nahin mammee nahin usamen amit ka kya dosh tab geeta ne priya ka saath dete hue kaha
sample-chap6-136.wav,208196,tabhee to krshna se adhik baat nahin kar sakee thee abhee tak
sample-chap18-115.wav,8821,aapako kisane kah diya aisa
sample-chap5-156.wav,172916,pannaalaal ritaayar hone ke baad ghar nahin baitha
sample-chap18-59.wav,7149,aap kaise hain
sample-chap6-109.wav,435752,sabhee rishtedaaron abhee krshna isase aage kuchh kahatee ki dev ne tanik aavesh mein kaha  kuchh nahin hota hamaare mein
sample-chap12-9.wav,284048,na hee vah man ke kisee kone mein kisee dar ko ab baitha dekh rahee thee
sample-chap24-115.wav,495728,ghar bhar mein sab tumhaara aadar karate hai aur mammee to abhee bhee kah rahee hain ki kuchh din baad tum svayan veena deedee ko lekar deharaadoon chale aana
sample-chap26-131.wav,95300,amit dheerese yahee kah saka
sample-chap21-46.wav,347552,dev ke vishay mein poochhane ke baad vah bolee  kal mere ek rishtedaar aae the ghar
sample-chap22-119.wav,407528,aastha mein kitanee shakti hai man jis par vishvaas karata hai us par apana sarvasv nyauchhaavar kar deta hai
sample-chap2-207.wav,190556,veena kahaan thee is samay isase bekhabar
sample-chap25-117.wav,109412,yah pannaalaal ne kaha tha krashna se
sample-chap29-198.wav,153512,ham maee ko pahunchenge toronto
sample-chap6-112.wav,209960,mujhe koee bhee lenaden dikhaava pasand nahin hai
sample-chap21-142.wav,188792,eeshvar par vishvaas rakhane ko bhee to kaha tha
sample-chap10-168.wav,360784,abhee toophaan joron par tha ki dev kee umangon kee lahar ekaek dheelee pad gaee
sample-chap23-125.wav,165860,priya va tumhaare pyaar kee koee seema nahin
sample-chap18-232.wav,18643,sahaj bhaav se apanee baat kah gaya vah
sample-chap6-66.wav,93536,tab maan krshna ne kaha
sample-chap14-101.wav,11955,mere paas rahana kuchh din
sample-chap4-47.wav,152628,kaee baar usaka man hua ki vah rajanee ko bata de
sample-chap9-133.wav,142928,abhee bas thodee der pahale
sample-chap16-182.wav,18434,man ke har kone mein usake bandh gaee thee veena
sample-chap14-19.wav,20106,amit kee baat mein sachchaee thee veena ko laga
sample-chap24-5.wav,488672,hamen hamaaree bhaavanaon se hamen hamaaree jindagee ko thokar lagaakar apanee bhaavanaon kee raksha ke lie kurbaanee dene ko ukasaate hai
sample-chap25-220.wav,197612,amit ko akela aae dekhakar unaka man udaas ho gaya
sample-chap26-241.wav,75896,samay kat jaata hai
sample-chap5-122.wav,178208,usake shikshak bhee ghar par chalakar aaye the
sample-chap15-31.wav,12373,vah chupachaap baahar chalee aaee
sample-chap22-49.wav,86480,khoob mehanat karata hai
sample-chap9-147.wav,493964,phir bola  main abhee nahaakar sabase pahale ramesh bhaee se baat karoonga unhonne aisa kaise kar diya
sample-chap28-4.wav,91772,eme tak padhaee kee hai
sample-chap14-5.wav,14672,vah bhee chintit ho utha
sample-chap29-269.wav,169388,amit kabhee so jaata kabhee uth jaata
sample-chap6-167.wav,232892,dev ko mahasoos ho raha tha usake tanaav kee ghadiyaan
sample-chap8-60.wav,135872,yah sunakar dev chaunka
sample-chap24-7.wav,239948,tumhaaraapatr padha to man hua mai sab se lad padoon sabase
sample-chap16-6.wav,42466,ek kshan bhee use apanee aankhon se door na kar paane kee usakee chaah veena ko apane prati prem hee lagatee thee
sample-chap15-57.wav,18016,kshanabhar pashchaat hee veena ne daravaaja khola
sample-chap20-73.wav,9030,abhee bhejatee hoon ajay ko
sample-chap11-190.wav,330796,ab roj daayaree mein amit priya ke naam kuchh na kuchh shabd jodane laga
sample-chap18-20.wav,36824,aavesh mein rone lagee suneeta lekin chup nahin huee meree pyaareesee bahan kee to jindagee barabaad ho gaee
sample-chap25-111.wav,359900,maan nirmala ne kaha thode badalaav se isaka man bhee theek ho jaega aur thoda hamen bhee achchha lagega
sample-chap19-29.wav,24494,tum chinta na karo mammee main kabhee tumhaaree marjee se nahin hatoongee
sample-chap7-56.wav,84716,meree taar mil gaee thee
sample-chap6-20.wav,359900,usee ladakee kee or dekhate hue vah bolee aao betee tum bhee baith jao mere saath
sample-chap16-148.wav,16344,pandrah saal ho chale hain mujhe opareshan karavae
sample-chap29-187.wav,469268,amitapriya aur donon bachche itane vyast ho gae apana prograam banaane mein sab kuchh tay ho jaane par priya ne veena ko phon kiya
sample-chap26-271.wav,218780,amit ne phir kaha bhaabhee main kuchh kahana chaahata hoon aapase
sample-chap3-8.wav,366956,kaun sa ho sakata hai suneeta kab se aa khadee thee usake peechhe veena ko pata bhee na chala tha
sample-chap22-89.wav,241712,krshna ke mukh se nikala  baaba jee aap to antaryaamee ho
sample-chap26-103.wav,123524,unaka kamara door tha veena ke kamare se
sample-chap13-47.wav,14254,lekin aisa pahale kabhee nahin hua tha
sample-chap29-340.wav,328148,priya ne samajhe veena ke manobhaav aur samajha un shabdon mein chhipe bhaavon ka arth
sample-chap28-21.wav,478088,paintaalees varsh kee umr to jyaada thee hee saath mein chin dekhakar yoon lagata tha ki vah apanee umr se bhee das varsh bada hai
sample-chap2-29.wav,144692,shaadee do aatmaon ka milan hai
sample-chap14-144.wav,13000,rajanee kee shaadee vah pakkee kar aae the
sample-chap11-29.wav,202904,usakee badalee ke lie bhee daudadhoop shuroo kar dee thee
sample-chap9-28.wav,755036,sarasaree taur par veena se poochha aur abhee vah kuchh sochatee ya kahatee kah diya  are isase achchha aur kya milega meree betee ka bhaagy bahut achchha hai  aur theek hai na betee
sample-chap15-12.wav,24285,dabe svar mein veena ne kaha  dev ko garm paanee kee botal de rahee hoon
sample-chap18-229.wav,17807,apane duhkh ka dosh vah kisee ko nahin detee
sample-chap22-233.wav,153512,tumhen kuchh nahin hoga
sample-chap21-114.wav,248768,veena ko dekhakar aansoo barabas usakee aankhon se bah nikalate the
sample-chap15-71.wav,9866,bahut der tak kya karate hain
sample-chap11-130.wav,275228,shaam ko apane parivaar ke lie sukhasaadhan jutaane mein vyast rahata
sample-chap13-69.wav,14045,us samay abhee koee rogee nahin pahuncha tha
sample-chap10-106.wav,271700,na apane kisee bhaee se aur na hee mere kisee parivaar ke sadasy se
sample-chap25-173.wav,165860,bhaabhee abhee baat samaapt kahaan huee hai
sample-chap20-217.wav,10284,na jaane kya hai tumhaare man mein
sample-chap26-149.wav,308744,mujhase kahie kya karana hai main to bhaabhee ke sukh ke lie sab karane ko taiyaar hoon
sample-chap29-215.wav,252296,jarur karana arun par pleej saara taim isee charcha mein na lage rahana
sample-chap23-27.wav,157040,meree priya mujhe bahut yaad aa rahee thee
sample-chap17-23.wav,9030,man ke bhaav stabdh the
sample-chap10-166.wav,217900,veena ko yah toophaan bahut achchha lag raha tha
sample-chap23-107.wav,321092,tab amit ne uchit jaana ki vah is sabase behatar prem se baat kar sakata hai
sample-chap6-3.wav,171152,priya ko preemaideekal kee pareeksha denee thee
sample-chap21-58.wav,396944,phir kuchh sochakar reeta bolee  tum kaho to main apane rishtedaar ko lekar kal subah aa jaatee hoon
sample-chap10-69.wav,229364,veena ko yah sab dekhakar svayan par garv mahasoos hua
sample-chap23-157.wav,635084,amit hamaaree kismat hamen chaahe kahee bhee le jae par ek baat yaad rakhana hamesha ki tum meree najaron se jitane door hoge mera man tumhen utana hee kareeb paega
sample-chap8-102.wav,157040,mujhe vishvaas nahin ho raha
sample-chap16-172.wav,11537,lekin amit bechain ho utha tha
sample-chap16-110.wav,40168,sirph achchhe kee sochoonga to beemaaree ko pakad kaise paoonga aap itanee badee pareshaanee to pahale dekh chukee hain
sample-chap4-152.wav,359900,itana bhar likh deta hoon ki ladake ke aaaipareshan ke baare mein aur adhik poochhana hai to bejhijhak poochh sakate hain
sample-chap30-304.wav,342260,jyaada bolane vaala kabheekabhee aisee baat bol jaata hai jo use apane tak hee rakhanee chaahie
sample-chap11-34.wav,90008,jaldee se mujhe daadee bana do
sample-chap15-54.wav,29510,is baar botal mein nahin poora pateela kamare mein jaata dekhakar vah phir bechain ho gaee
sample-chap16-13.wav,42048,dev ka koee na koee saathee usase baaten karata rahata ya phir vah kisee na kisee patrika ke panne palatatee rahatee
sample-chap5-142.wav,140280,samay ke saathasaath usakee santaanen hueen
sample-chap23-165.wav,135872,vaheen veena deedee se milane kee ichchha rakhate hai
sample-chap9-24.wav,284048,usake rishte kee baat shuroo huee to kisee ne bataaya veena ka
sample-chap28-80.wav,176444,doosaree shaadee huee aur chhah maheene baad talaak ho gaya
sample-chap15-23.wav,9657,dev ne unhen nahin dekha
sample-chap16-38.wav,22613,laga ki vah jaise apanee galatee par parda daal rahe hon
sample-chap27-50.wav,153512,maine akhabaar mein vigyaapan dene kee sochee hai
sample-chap2-127.wav,455156,veena kee beetee jindagee kee daastaan sunakar use laga yahee vah ladakee hai jo usakee soch ka sambal ban sakatee hai
sample-chap14-83.wav,26166,apane maataapita se milakar veena ka man prasann ho utha
sample-chap3-21.wav,74132,kaun sa abhee jaana hai
sample-chap25-175.wav,118232,ham sab baaten unhen kah sakate hai
sample-chap12-56.wav,405764,aise mein tumhen sadaiv apane va apane parivaar ke bhavishy kee suraksha ke lie naukaree par niyamit roop se jaana chaahie
sample-chap26-13.wav,109412,mera matalab to doosara hai
sample-chap25-93.wav,239948,lekin dekho donon patipatnee ek hee kaalej mein laikcharaar hai
sample-chap27-133.wav,217016,sabase chhota hoon lekin khushee to sabase badee hogee ghar bhar kee
sample-chap21-154.wav,146456,bas ab chalo baaba jee ke paas
sample-chap11-182.wav,121760,priya tum mera jeevan
sample-chap27-239.wav,211724,priya ko saath lekar sab der raat gae dillee laut aae
sample-chap6-2.wav,241712,pichhalee baar vah varsh bhar pahale hee aaya tha priya ke saath
sample-chap13-166.wav,11746,eeshvar tumhaara suhaag banae rakhe
sample-chap28-5.wav,114704,gaav mein bahut saaree jameen hai
sample-chap8-16.wav,267292,lekin manabhaavan chehara use dikha bahut samay ke baad
sample-chap29-322.wav,338732,aisa kya hai jo aap ek baar bhee unase milane ka vakt nahin nikaal paeen poochh liya priya ne
sample-chap24-2.wav,187028,aaj mujhe har koee apana dushman lag raha hai
sample-chap20-95.wav,12373,to ham bhee unakee mammee kee seva kar denge
sample-chap27-235.wav,231128,baaraatee ke naam par ghar ke log aur amit ke do min the
sample-chap29-245.wav,224072,garm joshee se arun ne aage badhakar amit ko gale lagaaya
sample-chap14-52.wav,13627,vah bolatee ja rahee thee
sample-chap18-35.wav,46437,meree aankhon ke saamane mera javaan beta tilatil kar saans le raha hai main kaise sah rahee hoon is gam ko yah mere man se poochho
sample-chap11-198.wav,501020,phir usane anjaan banate hue apanee daayaree ko aisee jagah rakhana shuroo kar diya jahaan veena kee nazar us par aasaanee se ja sakatee thee
sample-chap29-147.wav,105884,sab kaam adhoore pade rahate hai
sample-chap19-56.wav,15508,tab priya ekaek uthee aur maan se lipat gaee
sample-chap13-133.wav,11328,aisa to kabhee nahin kaha tha aapane
sample-chap29-185.wav,317564,aise mein ek din amitapriya ne prograam banaaya garmee kee chhuttiyon mein amerika ghoomane ka
sample-chap16-67.wav,5895,dev ne kaha
sample-chap4-90.wav,36204,tum dekh lo
sample-chap17-80.wav,9448,bhaee theek ho jae
sample-chap27-237.wav,111176,na koee baind na baja
sample-chap10-136.wav,367840,premil kshanon kee chaah kis aurat mein nahin hotee kise achchha nahin lagata purush ka sparsh
sample-chap26-162.wav,181736,tab nirmala ko laga jaise amit ko har baat maaloom hai
sample-chap11-137.wav,904976,veena ke patron kee ibaarat mein amit ka naam amit kee prashansa padhapadhakar vah amit ke vishay mein sochatee jaroor thee lekin aisa kabhee bhee usake man mein vichaar nahin aaya tha ki usakee deedee amit va usaka sambandh banaane kee soch rahee hai
sample-chap22-225.wav,349316,daaktar sharma raat gyaarah baje phir aae aur lagabhag ek ghanta dev ke paas baithe rahe
sample-chap22-158.wav,333440,raat bhar kabhee chaay banao kabhee paanee garm karo kabhee maalish karo kabhee sek karo
sample-chap29-304.wav,231128,priya bhee bhaavavihaval apanee bahan kee or dekhe ja rahee thee
sample-chap9-85.wav,726812,kitanee khushee se unhonne vida kiya tha use unake sab sapane ekaek tod kar kya vah khush rah paegee aur tabhee bijalee kee tarah man mein ek nirnay kaundh gaya veena ke
sample-chap5-86.wav,391652,vaale to chaahate the aur bhee jaldee ho jae lekin pannaalaal ke lie yah itana saral nahin lag raha tha
sample-chap29-53.wav,146456,lekin veena chhatapata kar hat gaee
sample-chap2-103.wav,86480,umr aade aa rahee thee
sample-chap18-86.wav,21150,aisa bhee kya hai dekhoon jara kautoohalavash poochha priya ne
sample-chap3-138.wav,300804,haanhaan sab yaad hai lekin isamen koee khaas baat hai haan doktar
sample-chap24-74.wav,331676,mammee se aur kuchh nahee poochha svayan hee mere man mein bahut se vichaar aane lage the
sample-chap30-257.wav,176444,aaj kee har jarurat to veena hee pooree karatee hai
sample-chap10-7.wav,264644,ab kal kee tarah vah veena ke aasapaas mandara raha tha
sample-chap29-318.wav,647432,veena kaisee hogee usake bachche kaise honge pati kaisa hoga vah khush to hai unakee dinacharya ka bada bhaag to aap hee kee baaten karate beet jaata hai
sample-chap15-176.wav,15299,usakee bhaavanaon kee thaah lie rahana chaahatee hoon
sample-chap30-178.wav,79424,amit samajh gaya
sample-chap30-57.wav,273464,lekin apane parivaar mein mast deedee apane beete dinon ke sab saathee bhool gaee
sample-chap29-74.wav,111176,sab rishtedaar dikhaavatee hain
sample-chap26-289.wav,250532,daidee ko to aap jaanatee hai ve apane man kee baat kisee ko nahee kahate
sample-chap7-111.wav,366072,haan dekhane vaale bhee yahee soch rahe the ki baaraat mein baind vaalon kee sankhya adhik hai
sample-chap3-137.wav,469268,yaad hai aapane mujhase kaha tha ki aaaipareshan ke ek saal baad koee pareshaanee na huee to dev bilkul hamaare jaisa hee hoga
sample-chap16-81.wav,29719,haan ab dard hone ke baad jab main gaya to pahalee baar unhonne mujhase kaha
sample-chap21-141.wav,520424,abhee chalate hain doktar ke paas vahee bataega kya hai yah  veena bolee jaise abhee bhee doktar ka sahaara shesh bacha ho usake paas
sample-chap30-303.wav,134108,arun ko jaise saanp soongh gaya
sample-chap9-96.wav,137636,subah kee sair ko nikale hue log
sample-chap3-118.wav,744452,svaagat hai doktar kapoor bahut achchha laga tumhen dekhakar koee pareshaanee to nahin hai na doktar gupta kya sabhee doktar apane mareej ko ekaek saamane dekhakar yahee prashn karate hain
sample-chap21-1.wav,299924,ramesh ne bahut samajhaaya dhaadhas bandhaaya ve nahin maane
sample-chap7-147.wav,236420,use lag raha tha ki pramod usaka raasta aasaan kar sakata hai
sample-chap26-63.wav,239948,rone lagee mere dev ko in bure shabdon ka haar na pahanao
sample-chap2-151.wav,135872,saanson kee aavaaz aa rahee thee
sample-chap30-190.wav,198492,arun se aur adhik poochhega to use bura lag sakata hai
sample-chap22-134.wav,717992,jeeja jee ye sab kaise sahate honge amit main sochatee thee jeeja jee bahut beemaar hain par unakee beemaaree kee itanee bhayaanak aur duhkhad kalpana mainne kabhee nahin kee thee
sample-chap12-48.wav,654488,lekin usakee bahan suneeta ko is baat ka jab pata laga to usane apanee naaraazagee spasht likh dee thee  mujhe mammee se pata laga tumhaaree lambee chhuttee ke aavedan ka
sample-chap19-175.wav,9448,unhonne bhee aapatti nahin kee
sample-chap18-101.wav,6522,jarur doonga
sample-chap29-190.wav,225836,sach kah rahee ho veena ke shabdon mein avishvaas jhalak raha tha
sample-chap29-150.wav,338732,mera baap hamaaree khaanadaanee jaayadaad bech kar apane haraamee bachchon ko aish karaane mein luta raha hai
sample-chap17-5.wav,16344,abhee dard hai usee ke saath jeena padega
sample-chap7-9.wav,291104,ulte kaee baar banatee huee baat ko aur bigaad kar use adhik khushee milatee thee
sample-chap21-35.wav,402236,lekin pagalee main teree dushaman hoon kya tujhe yoon tilatil kar palapal bitaate dekhakar main chup dekhatee rahoon
sample-chap29-346.wav,82952,sab baat samajh aa jaegee
sample-chap30-252.wav,208196,yadi use kuchh ho gaya to ve aasaanee se padalikh lenge
sample-chap19-102.wav,16344,isase usake kaam ko kitana asar pad raha hai
sample-chap23-121.wav,146456,ve samajhatee hain vah jhat se samajh jaegee
sample-chap20-22.wav,21150,draeevar seedha paitrol pamp par unhen le aaya
sample-chap7-123.wav,22096,ghar mein
sample-chap22-111.wav,123524,dev to natamastak ho gaya tha
sample-chap6-90.wav,97064,thoda kuchh bata deejie
sample-chap14-190.wav,21986,veena ko yah khabar sunakar aashchary hua
sample-chap25-64.wav,356372,unake vyavahaar se laga ki jaise prophesar tripaathee ne unase is sambandh mein pahale se hee baat kar lee thee
sample-chap29-224.wav,127052,ab jaisetaise ghar theek kar len
sample-chap21-5.wav,160568,veena thee ki hansee bhool gaee thee
sample-chap29-338.wav,255824,rishte samajhane kee cheej hai rishte apanaane ke lie banate hai
sample-chap19-189.wav,30764,mere paas to kuchh bacha nahin aur amit hee hai jo kisee tarah se meree har jaroorat ka dhyaan rakhata hai
sample-chap4-121.wav,194084,aise naajuk maamalon mein doosaron kee maan lenee chaahie
sample-chap10-64.wav,160568,amit shesh taiyaaree mein jut gaya
sample-chap26-181.wav,333440,aap yadi ijaajat den to kal subah main aur priya unhen masooree mein mil len
sample-chap22-40.wav,449864,ratan nirantar bole ja raha tha  lagabhag doteen ghante tak khoon bahata raha aur phir vah behosh ho gaya
sample-chap18-235.wav,49781,sach ko kaun jaanega sab yahee kahenge na jaane kis laalach mein ek ko pahale hee aag mein jhonk diya ab doosaree ko bhee vaheen daal rahe hai
sample-chap23-93.wav,522188,jise jaanatesamajhate hue aap hone hee daavat de rahe hain ek nahin teenateen jindagiyon se khalane kee koshish karana kitanee badee samajhadaaree hai
sample-chap30-142.wav,128816,samajhane kee shakti usase bhee tej
sample-chap27-210.wav,142928,aur yah sunakar amit ka aavesh tham gaya
sample-chap6-205.wav,167624,aur amit uthakar baahar rasoee ghar kee taraph chala gaya
sample-chap25-45.wav,264644,ab to prinsipal saahab ko mil kar kahana chaahie kuchh karane ko
sample-chap15-85.wav,23240,ek pateele paanee se vah ek ghante tak kaise nahaate hai
sample-chap17-218.wav,20941,tum jarur jaana main tumhaare bina rah loonga
sample-chap14-37.wav,25121,lekin usake baad kisee ne bhee is baat ka jikr nahin kiya
sample-chap12-40.wav,333440,koshish karate rahen aur aise mein tab tak tum binaavetan ke chhuttee lie raho
sample-chap20-52.wav,8194,pareshaanee kaisee
sample-chap21-63.wav,303452,reeta chalee gaee aur veena apanee saas ke paas jaakar sab baat bataane lagee
sample-chap22-182.wav,127052,tumhaare bina main jee nahin sakatee
sample-chap29-107.wav,409292,usane dev kee chhavi dekh lee thee shaayad arun mein ya phir dev ko bhool jaane ka raasta dikha diya tha arun ne
sample-chap29-342.wav,291104,lekin veena kis mittee kee banee thee vah samajhana shaayad usake bas kee baat nahin thee
sample-chap18-105.wav,13836,vah maine sambhaal kar rakha hai abhee tak
sample-chap13-5.wav,18434,aur shaadee hue nau maheene beet gae the
sample-chap18-124.wav,32644,aapane majaak mein hee use janmadin par kaard bheja tha aur ab majaak mein hee upahaar de rahe hai
sample-chap2-195.wav,194964,veena ko laga dev maayoos ho utha hai
sample-chap3-76.wav,313152,ladakee ke rishte ke lie aae logon ko dekhakar usake pairon mein uthalaputhal mach jaatee thee
sample-chap13-180.wav,22613,vaapisee mein ham ekado din tumhaare paas bhee ruk jaenge
sample-chap17-42.wav,17807,dev ko vah kasht mukt dekhana chaahatee thee
sample-chap29-272.wav,148220,kuchh sunane kee shakti to usamen jaise thee hee nahee
sample-chap17-41.wav,28674,aur vah apane kasht kee thaah lene kee bajae dev ke kasht ko door karana chaahatee thee
sample-chap9-79.wav,354608,lekin mammeedaidee chhotee bahanembhaee naaterishtedaaron ko kya bataoongee
sample-chap20-167.wav,15299,main abhee doktar saamant se baat kar loonga
sample-chap8-171.wav,95300,usane apana sir thaam liya
sample-chap15-169.wav,19688,to yahee baat hai yah mere bhaagy mein hee likha tha
sample-chap7-0.wav,421640,lekin ghar se door baithe mohan kumaar ko jab isakee khabar milee to vah pareshaan ho gaya
sample-chap30-308.wav,209960,kyonki veena to yahee kahatee thee jabatab sab theek hai
sample-chap13-172.wav,12791,kal hee ladake ka likha patr mila hai
sample-chap25-101.wav,291104,tripaathee saahab ke shabdon se veena ka saahas phir badh gaya tha
sample-chap26-138.wav,158804,lekin poore jindagee padee hai abhee usakee
sample-chap21-81.wav,262880,usaka vishvaas jo ki veena ka banaaya tha svayan badh gaya baaba ke prati
sample-chap25-151.wav,418112,unheen se maaloom pada kee prinsipal ne mainejing kametee se veena ke lie aaphis kee naukaree ke lie peshakash kee thee
sample-chap19-152.wav,28047,ho sakata hai ek varsh ho sakata hai ek maheena aur ho sakata hai das varsh
sample-chap6-146.wav,189676,lekin krshna ko yah sab achchha nahin laga
sample-chap30-62.wav,81188,aapake bhaeebahan bhee hai
sample-chap22-73.wav,285812,saara vrtaant sunakar pradeep jee bheetar baaba jee ke kamare mein chale gae
sample-chap16-82.wav,12373,tab bhee vah baat ko taal gae
sample-chap23-94.wav,389888,tab mohan kumaar ne kaha amit yah samay bhaavukata ka nahin sochasamajh kar kuchh karane ka hai
sample-chap30-133.wav,135872,bas man hee man mein magn rahate hai
sample-chap17-117.wav,25330,jab kabhee veena kee dasha kee sochata to bahut pareshaan ho uthata
sample-chap19-23.wav,31390,yadi koee achchha lage to kya karun tumase chhipa loon priya ne kahee man kee baat
sample-chap26-310.wav,282284,aise mein kya ek aur koshish galat hai apana sirph apana parivaar banaane kee
sample-chap8-34.wav,507192,aur itanee vyastata ke baavajood amit ka veena ke paas aana aur chaay ke lie baarabaar poochhana veena ko bahut achchha laga tha
sample-chap2-58.wav,278756,arun ko laga ki use aisee baat nahin karanee chaahie thee
sample-chap26-26.wav,112940,suneeta ne phir ek koshish kee
sample-chap16-122.wav,19270,iseelie doktar kumaar kee baat sunakar vah chup rahee
sample-chap22-198.wav,684476,aur aaj hee subah usane svayan deharaadoon phon se kisee jaanakaar ko kaha tha ki vah jaakar svayan pannaalaal ko dev ke raharahakar tadapane kee khabar kar den
sample-chap13-148.wav,15508,hamen kisee bhee tarah ka jokhim nahin uthaana chaahie
sample-chap19-49.wav,30346,geeta ko bhee priya ka phaphakana sunaee diya vah apanee padhaee chhodakar bhaagee chalee aaee
sample-chap10-173.wav,164096,vah dev ko apane se alag na kar paee
sample-chap14-199.wav,15090,muskuraane laga vah yah kahakar
sample-chap27-201.wav,119996,veena ka to karj hai ham par
sample-chap27-7.wav,232892,kaise hoga kaun dhoondhega sab amit par chhod diya maan ne
sample-chap3-130.wav,179972,isaka ilaaj karake mujhe bhee bahut achchha laga
sample-chap27-107.wav,345788,priya mere lie hee aa rahee hai mere ghar mein aur use poora maanasammaan mile isakee mujhe bhee chinta hai
sample-chap13-51.wav,16553,bola  haan main bhee yahee soch raha hoon
sample-chap7-2.wav,258472,vah maan kaise gaya aur maan bhee gaya to ladakee kaise pasand kee
sample-chap6-126.wav,157040,is rishte mein sankoch nahin hona chaahie
sample-chap20-169.wav,12791,vah aapako unase milava degee
sample-chap11-139.wav,251416,kaheen unaka man tumhen apanee devaraanee banaane ka to nahin
sample-chap19-43.wav,34943,aur ab us pagalee ko dekho apanee koee chinta nahin use tumhaara rishta maang rahee hai amit ke lie
sample-chap30-204.wav,286692,darasal meree naukaree usee din hotee hai jab koeenaakoee staaph chhuttee par ho
sample-chap14-111.wav,22195,man kee baat kaheen shabd banakar mukh se nikal na jaen
sample-chap8-194.wav,410172,baat aisee thee ki vishvaas jeetane ke lie chand ghanto ka samay tha keval chand ghanto ka
sample-chap18-5.wav,43511,pyaar se use bithaaya aur dheeme se bolee bahan jee veena ko bhee saath le aate to kitana achchha hota
sample-chap15-255.wav,42675,aise hee bhaavon ko lie unhonne svayan ko saantvana dee aur nirmala se bole  ab jo ho chuka us paru nahin socho
sample-chap15-33.wav,14672,kaan usake dev ke kamare kee or lage the
sample-chap30-227.wav,303452,jisakee naukaree kabhee kes ke kaaran chalee gaee ho aur jo phaisala karake kes se chhoota ho
sample-chap17-167.wav,22404,shaadee kee raunak mein kuchh samay ke lie vah bhee kasht bhool jaenge
sample-chap13-113.wav,14463,aur phir aap ko to ghabaraana nahin chaahie
sample-chap17-116.wav,16971,vah veena ke bhaavon ko apane man mein samete tha
sample-chap27-58.wav,102356,nahee aisee baat nahee hai
sample-chap28-101.wav,155276,maan ko jab khabar lagee to vah bhee phoolee na samaee
sample-chap16-8.wav,27211,ab usane apanee dinacharya mein veena ka saath chaubees ghante ka bana liya tha
sample-chap10-146.wav,269936,jo ho raha hai aur jo aage hoga vahee usaka bhavishy hai
sample-chap17-139.wav,17807,lekin himmat meree javaab de jaatee hai
sample-chap26-220.wav,82952,kaha amit ne priya se
sample-chap16-175.wav,16762,dev boyopsee karavaane ko ghabara raha tha
sample-chap18-62.wav,27002,phir amit se poochha usane veena deedee kaisee hain aap unhen bhee le aate
sample-chap24-58.wav,569816,padhakar samajh gaee ki bhaavanaon ke aavesh mein usane man mein aaee baat to likh dee thee lekin usane mammee aur usake beech huee baat ka khulaasa nahin kiya tha
sample-chap6-162.wav,168504,ramesh dev pramod aur amit
sample-chap30-196.wav,70604,oldaij hom mein
sample-chap20-53.wav,15090,ise aap apana ghar hee samajhie
sample-chap30-158.wav,141164,nahin bhaee isakee jarurat nahin
sample-chap5-84.wav,119116,bees din baad veena kee shaadee thee
sample-chap26-75.wav,61784,main akelee nahin
sample-chap6-197.wav,121760,vaise kya khyaal hai ab khaane ke baare mein
sample-chap27-96.wav,176444,haan ek baat hai shaadee bilkul saadagee se hogee
sample-chap25-184.wav,315800,sabake lie ek hee baat hai ki veena ka ab kya hoga shaadee se pahale aisa nahee tha
sample-chap28-39.wav,98828,amit asamanjas mein pad gaya
sample-chap20-24.wav,17389,vahaan baithee mahila ko veena ek najar mein pahachaan gaee
sample-chap27-246.wav,239948,vah kashmeer bhee gaya shimala bhee gaya aur na jaane kahaankahaan
sample-chap9-30.wav,248768,ratanalaal kee maan ne nirmala ko munh meetha karavaane ko kah diya
sample-chap26-234.wav,351080,abhibhaavak jab bhee aate honge bachchon ke to yaheen baithakar apana man bahala lete honge
sample-chap4-198.wav,622736,tab nirmala ne unhen bata diya ki veena ko dekhane kuchh log dillee se aa rahe hain aur yah sunakar misez thaapa vaheen ruk gaee thee sab thaah lene ko
sample-chap2-92.wav,100592,maujamastee ke lie sabhee mil jaate the
sample-chap14-193.wav,24912,priya ke lie use amit mein koee kamee jo nahin lag rahee thee
sample-chap16-133.wav,48109,usane devaveena ke chehare par pareshaanee ke lakshan jhat se padh lie bola  kya bola doktar ne aap log kuchh chintit hain
sample-chap4-194.wav,361664,maataapita bhaeebhahan sabhee shikshit the lekin saadagee se rahana sabhee kee visheshata thee
sample-chap2-232.wav,54728,abhee tak
sample-chap13-129.wav,14463,yah phaeel to opareshan ke baad kee hai
sample-chap2-62.wav,456920,yah kahakar arun ne usake gaalon ko thapathapaaya aur haath hataate hue bola chalo utho ab chenj kar lo
sample-chap4-25.wav,169388,patr likhate samay usake dil kee dhadakan badh gaee thee
sample-chap16-61.wav,18434,apana jeevan unhonne sanstha ko samarpit kar rakha tha
sample-chap14-62.wav,14881,main man se dev ko chaahane lagee hoon
sample-chap6-161.wav,178208,sab hans rahe the khilakhilaakar
sample-chap14-3.wav,11328,tab kaheen vah so paaya
sample-chap25-162.wav,172916,shabd na juta paee kuchh ekaek use saamane dekhakar
sample-chap13-8.wav,51870,dev tha ki nity koshish karata tha aur aise mein vah usake ango ko sahala kar use shaant karane kee cheshta karata aur svayan bhee unheen bhaavon mein shaant ho jaata tha
sample-chap26-254.wav,239948,lekin veena ne svatah hee apane shabd badal diye vah to main yoon hee kah gaee
sample-chap29-243.wav,317564,haathapair sphoorti se bhar gae aur sabane haath uthaakar arun ka abhibhaadan kiya
sample-chap6-184.wav,174680,vah naach kya raha tha jhoom raha tha
sample-chap7-8.wav,231128,usakee patnee nimmee in ulajhanon ko door nahin kar paatee thee
sample-chap10-184.wav,241712,subah mahasoos hua use ki dev usase phir lipata hua hai
sample-chap9-122.wav,361664,jo kuchh usake saath pahale se ho chuka hai vah shaadee ke baad bhee to ho sakata tha
sample-chap5-99.wav,306980,jab yah tay ho gaya tha ki ve ab parivaar sahit deharaadoon hee saital honge
sample-chap22-56.wav,151748,vah bhaagaabhaaga dev ke kamare mein aaya
sample-chap17-38.wav,9448,kisakis ko bataata apana kasht
sample-chap6-45.wav,38852,aaeee
sample-chap17-133.wav,15717,tumhen maan ka aasheesh
sample-chap22-175.wav,201140,ab unhen prasann hee rakhane ka prayatn kiya karo
sample-chap16-112.wav,13000,ab ghabaraane se kuchh nahin hoga
sample-chap14-188.wav,30555,jaise kuchh yaad aaya unhen bolee  priya ke janmadin par amit ka kaard bhee aaya tha
sample-chap26-58.wav,190556,vah purush nahee tha sirph tumhaare man ka chhalaava tha
sample-chap30-109.wav,310508,lekin ekaek koee aisee baat ho jaatee hai ki prograam agale varsh par ja pahunchata hai
sample-chap26-150.wav,92652,amit ne kaha
sample-chap3-161.wav,258468,intarakaam ka batan dabaakar nars ko doosara mareej bhejane ko kah diya
sample-chap14-57.wav,14672,na jaane kya nirnay le baithen
sample-chap25-172.wav,151748,haan mujhase kahate ek saal mehanat karo
sample-chap30-19.wav,111176,veena ne sahaj bhaav se utar diya
sample-chap11-99.wav,125288,usake bhavishy ke baare mein bata doonga
sample-chap14-71.wav,16553,barabas usakee aankhon se aansoo bah nikale
sample-chap4-67.wav,104120,ladakee dekhane mein achchhee lag rahee thee
sample-chap20-23.wav,22822,veena aur dev taiksee se utar ka pamp ke ophis mein gae
sample-chap25-71.wav,190556,ab dhaee saal se bilkul kuchh nahin kar rahee hain
sample-chap27-5.wav,232008,veena ke shabdon mein haan thee yahee bhaav samete ve ghar laut aae
sample-chap30-112.wav,171152,unhen hostal mein daalakar ham indiya hee shipht ho jaenge
sample-chap20-85.wav,20524,jaanatee ho main deharaadoon mein unake ghar maheenon raha hoon
sample-chap14-84.wav,38287,pyaar se maan kee godee mein sir rakh kar aankhen band kar leen usane
sample-chap20-220.wav,11746,abhee shurooaat hai mere doktaree jeevan kee
sample-chap10-94.wav,296396,main to yahee praarthana karatee rahoongee ki aap hamesha tandurust rahen
sample-chap26-196.wav,628028,aur sab sunakar priya ne chutakee lee sab baat to samajha gaee lekin aakhir mein apane lie mera saath paane ka bahaana badee chaalaakee se tumane taiyaar kar liya poochha priya ne
sample-chap13-23.wav,16344,usee karaah ne veena kee neend mein vighn daala tha
sample-chap21-103.wav,197612,veena ne dekha dev bujhasa gaya hai
sample-chap7-94.wav,119996,dev ghar mein nahin tha
sample-chap22-139.wav,206432,aisa bhee kya jeevan ki ve aaraam se so bhee nahin sakate
sample-chap22-13.wav,266408,sab jaanate the ki kabhee kisee bhee din dev chala jaega sabase door
sample-chap27-176.wav,273464,usaka kiya maintum ham sab saat janm bhee nahin utaar sakate
sample-chap27-299.wav,250532,maan kee baat priya ko anyatha na lage use is baat kee bhee chinta thee
sample-chap27-14.wav,54728,kisase kahata
sample-chap27-214.wav,209076,mainne na to nahin kee thee bas apane duhkh kee baat kee thee
sample-chap20-189.wav,14254,bas itanee see baat huee doktar saamant se
sample-chap21-120.wav,135872,bas use hee dilaasa detee thee
sample-chap29-226.wav,81188,sab khush ho jaenge
sample-chap10-175.wav,336968,jaise bijalee ka karant chalane par bhee shareer apanee gati nahin pakad pa raha tha
sample-chap23-95.wav,199376,ham mein se koee tum par jorajabaradastee nahin kar raha
sample-chap14-39.wav,33689,sab meree aur dev kee jodee ko dekhadekh kar hee khushee se bhare hain
sample-chap23-20.wav,647432,yadi yah shubh ka prateek hai to yah sab veena bhaabhee kee tapasya ka phal hai aur dhairy mein seva bhaav mein jindagee kee keemat ko samajhane mein mainne unhen apana guru maan liya hai
sample-chap26-65.wav,82952,vah bhee rone lagee
sample-chap27-198.wav,82952,vah sab samajh gae
sample-chap21-70.wav,171152,vaheen ek chabootare par jaakar teenon baith gae
sample-chap15-148.wav,29301,bachapan se sunatee thee geeta bhaav ko ki gunavaanon ke gunon ko dekho
sample-chap27-331.wav,109412,lekin mujhase kuchh na poochho
sample-chap9-146.wav,262880,samajhadaar to tha lekil usake man kee thaah nahin le pa raha tha
sample-chap14-179.wav,8821,bahut achchha ladaka hai
sample-chap17-212.wav,25957,varana rajanee vidaee ke baad hamen dillee mein milatee huee chalee jaegee
sample-chap5-94.wav,283168,unhen buree nahin lagee yah baat ki ladake vaale baaraat lekar nahin aaenge
sample-chap17-8.wav,16762,kuchh bhee nahin bolane kee sthiti mein tha
sample-chap14-140.wav,14672,iseelie hee bechain tha vah
sample-chap26-242.wav,171152,kab subah se shaam hotee hai pata hee nahee chalata
sample-chap26-22.wav,190556,main to apane manobhaavon ko prakat kar rahee hoon
